,eruptions,waiting
count,272.0,272.0
mean,3.4877830882352936,70.8970588235294
std,1.1413712511052077,13.594973789999393
min,1.6,43.0
25%,2.16275,58.0
50%,4.0,76.0
75%,4.45425,82.0
max,5.1,96.0
